コード	都道府県名	市区町村名	市区町村名よみ
01000	北海道
01100	北海道	札幌市	サッポロシ
01202	北海道	函館市	ハコダテシ
01203	北海道	小樽市	オタルシ
01204	北海道	旭川市	アサヒカワシ
01205	北海道	室蘭市	ムロランシ
01206	北海道	釧路市	クシロシ
01207	北海道	帯広市	オビヒロシ
01208	北海道	北見市	キタミシ
01209	北海道	夕張市	ユウバリシ
01210	北海道	岩見沢市	イワミザワシ
01211	北海道	網走市	アバシリシ
01212	北海道	留萌市	ルモイシ
01213	北海道	苫小牧市	トマコマイシ
01214	北海道	稚内市	ワッカナイシ
01215	北海道	美唄市	ビバイシ
01216	北海道	芦別市	アシベツシ
01217	北海道	江別市	エベツシ
01218	北海道	赤平市	アカビラシ
01219	北海道	紋別市	モンベツシ
01220	北海道	士別市	シベツシ
01221	北海道	名寄市	ナヨロシ
01222	北海道	三笠市	ミカサシ
01223	北海道	根室市	ネムロシ
01224	北海道	千歳市	チトセシ
01225	北海道	滝川市	タキカワシ
01226	北海道	砂川市	スナガワシ
01227	北海道	歌志内市	ウタシナイシ
01228	北海道	深川市	フカガワシ
01229	北海道	富良野市	フラノシ
01230	北海道	登別市	ノボリベツシ
01231	北海道	恵庭市	エニワシ
01233	北海道	伊達市	ダテシ
01234	北海道	北広島市	キタヒロシマシ
01235	北海道	石狩市	イシカリシ
01236	北海道	北斗市	ホクトシ
01303	北海道	当別町	トウベツチョウ
01304	北海道	新篠津村	シンシノツムラ
01331	北海道	松前町	マツマエチョウ
01332	北海道	福島町	フクシマチョウ
01333	北海道	知内町	シリウチチョウ
01334	北海道	木古内町	キコナイチョウ
01337	北海道	七飯町	ナナエチョウ
01343	北海道	鹿部町	シカベチョウ
01345	北海道	森町	モリマチ
01346	北海道	八雲町	ヤクモチョウ
01347	北海道	長万部町	オシャマンベチョウ
01361	北海道	江差町	エサシチョウ
01362	北海道	上ノ国町	カミノクニチョウ
01363	北海道	厚沢部町	アッサブチョウ
01364	北海道	乙部町	オトベチョウ
01367	北海道	奥尻町	オクシリチョウ
01370	北海道	今金町	イマカネチョウ
01371	北海道	せたな町	セタナチョウ
01391	北海道	島牧村	シママキムラ
01392	北海道	寿都町	スッツチョウ
01393	北海道	黒松内町	クロマツナイチョウ
01394	北海道	蘭越町	ランコシチョウ
01395	北海道	ニセコ町	ニセコチョウ
01396	北海道	真狩村	マッカリムラ
01397	北海道	留寿都村	ルスツムラ
01398	北海道	喜茂別町	キモベツチョウ
01399	北海道	京極町	キョウゴクチョウ
01400	北海道	倶知安町	クッチャンチョウ
01401	北海道	共和町	キョウワチョウ
01402	北海道	岩内町	イワナイチョウ
01403	北海道	泊村	トマリムラ
01404	北海道	神恵内村	カモエナイムラ
01405	北海道	積丹町	シャコタンチョウ
01406	北海道	古平町	フルビラチョウ
01407	北海道	仁木町	ニキチョウ
01408	北海道	余市町	ヨイチチョウ
01409	北海道	赤井川村	アカイガワムラ
01423	北海道	南幌町	ナンポロチョウ
01424	北海道	奈井江町	ナイエチョウ
01425	北海道	上砂川町	カミスナガワチョウ
01427	北海道	由仁町	ユニチョウ
01428	北海道	長沼町	ナガヌマチョウ
01429	北海道	栗山町	クリヤマチョウ
01430	北海道	月形町	ツキガタチョウ
01431	北海道	浦臼町	ウラウスチョウ
01432	北海道	新十津川町	シントツカワチョウ
01433	北海道	妹背牛町	モセウシチョウ
01434	北海道	秩父別町	チップベツチョウ
01436	北海道	雨竜町	ウリュウチョウ
01437	北海道	北竜町	ホクリュウチョウ
01438	北海道	沼田町	ヌマタチョウ
01452	北海道	鷹栖町	タカスチョウ
01453	北海道	東神楽町	ヒガシカグラチョウ
01454	北海道	当麻町	トウマチョウ
01455	北海道	比布町	ピップチョウ
01456	北海道	愛別町	アイベツチョウ
01457	北海道	上川町	カミカワチョウ
01458	北海道	東川町	ヒガシカワチョウ
01459	北海道	美瑛町	ビエイチョウ
01460	北海道	上富良野町	カミフラノチョウ
01461	北海道	中富良野町	ナカフラノチョウ
01462	北海道	南富良野町	ミナミフラノチョウ
01463	北海道	占冠村	シムカップムラ
01464	北海道	和寒町	ワッサムチョウ
01465	北海道	剣淵町	ケンブチチョウ
01468	北海道	下川町	シモカワチョウ
01469	北海道	美深町	ビフカチョウ
01470	北海道	音威子府村	オトイネップムラ
01471	北海道	中川町	ナカガワチョウ
01472	北海道	幌加内町	ホロカナイチョウ
01481	北海道	増毛町	マシケチョウ
01482	北海道	小平町	オビラチョウ
01483	北海道	苫前町	トママエチョウ
01484	北海道	羽幌町	ハボロチョウ
01485	北海道	初山別村	ショサンベツムラ
01486	北海道	遠別町	エンベツチョウ
01487	北海道	天塩町	テシオチョウ
01511	北海道	猿払村	サルフツムラ
01512	北海道	浜頓別町	ハマトンベツチョウ
01513	北海道	中頓別町	ナカトンベツチョウ
01514	北海道	枝幸町	エサシチョウ
01516	北海道	豊富町	トヨトミチョウ
01517	北海道	礼文町	レブンチョウ
01518	北海道	利尻町	リシリチョウ
01519	北海道	利尻富士町	リシリフジチョウ
01520	北海道	幌延町	ホロノベチョウ
01543	北海道	美幌町	ビホロチョウ
01544	北海道	津別町	ツベツチョウ
01545	北海道	斜里町	シャリチョウ
01546	北海道	清里町	キヨサトチョウ
01547	北海道	小清水町	コシミズチョウ
01549	北海道	訓子府町	クンネップチョウ
01550	北海道	置戸町	オケトチョウ
01552	北海道	佐呂間町	サロマチョウ
01555	北海道	遠軽町	エンガルチョウ
01559	北海道	湧別町	ユウベツチョウ
01560	北海道	滝上町	タキノウエチョウ
01561	北海道	興部町	オコッペチョウ
01562	北海道	西興部村	ニシオコッペムラ
01563	北海道	雄武町	オウムチョウ
01564	北海道	大空町	オオゾラチョウ
01571	北海道	豊浦町	トヨウラチョウ
01575	北海道	壮瞥町	ソウベツチョウ
01578	北海道	白老町	シラオイチョウ
01581	北海道	厚真町	アツマチョウ
01584	北海道	洞爺湖町	トウヤコチョウ
01585	北海道	安平町	アビラチョウ
01586	北海道	むかわ町	ムカワチョウ
01601	北海道	日高町	ヒダカチョウ
01602	北海道	平取町	ビラトリチョウ
01604	北海道	新冠町	ニイカップチョウ
01607	北海道	浦河町	ウラカワチョウ
01608	北海道	様似町	サマニチョウ
01609	北海道	えりも町	エリモチョウ
01610	北海道	新ひだか町	シンヒダカチョウ
01631	北海道	音更町	オトフケチョウ
01632	北海道	士幌町	シホロチョウ
01633	北海道	上士幌町	カミシホロチョウ
01634	北海道	鹿追町	シカオイチョウ
01635	北海道	新得町	シントクチョウ
01636	北海道	清水町	シミズチョウ
01637	北海道	芽室町	メムロチョウ
01638	北海道	中札内村	ナカサツナイムラ
01639	北海道	更別村	サラベツムラ
01641	北海道	大樹町	タイキチョウ
01642	北海道	広尾町	ヒロオチョウ
01643	北海道	幕別町	マクベツチョウ
01644	北海道	池田町	イケダチョウ
01645	北海道	豊頃町	トヨコロチョウ
01646	北海道	本別町	ホンベツチョウ
01647	北海道	足寄町	アショロチョウ
01648	北海道	陸別町	リクベツチョウ
01649	北海道	浦幌町	ウラホロチョウ
01661	北海道	釧路町	クシロチョウ
01662	北海道	厚岸町	アッケシチョウ
01663	北海道	浜中町	ハマナカチョウ
01664	北海道	標茶町	シベチャチョウ
01665	北海道	弟子屈町	テシカガチョウ
01667	北海道	鶴居村	ツルイムラ
01668	北海道	白糠町	シラヌカチョウ
01691	北海道	別海町	ベツカイチョウ
01692	北海道	中標津町	ナカシベツチョウ
01693	北海道	標津町	シベツチョウ
01694	北海道	羅臼町	ラウスチョウ
02000	青森県
02201	青森県	青森市	アオモリシ
02202	青森県	弘前市	ヒロサキシ
02203	青森県	八戸市	ハチノヘシ
02204	青森県	黒石市	クロイシシ
02205	青森県	五所川原市	ゴショガワラシ
02206	青森県	十和田市	トワダシ
02207	青森県	三沢市	ミサワシ
02208	青森県	むつ市	ムツシ
02209	青森県	つがる市	ツガルシ
02210	青森県	平川市	ヒラカワシ
02301	青森県	平内町	ヒラナイマチ
02303	青森県	今別町	イマベツマチ
02304	青森県	蓬田村	ヨモギタムラ
02307	青森県	外ヶ浜町	ソトガハママチ
02321	青森県	鰺ヶ沢町	アジガサワマチ
02323	青森県	深浦町	フカウラマチ
02343	青森県	西目屋村	ニシメヤムラ
02361	青森県	藤崎町	フジサキマチ
02362	青森県	大鰐町	オオワニマチ
02367	青森県	田舎館村	イナカダテムラ
02381	青森県	板柳町	イタヤナギマチ
02384	青森県	鶴田町	ツルタマチ
02387	青森県	中泊町	ナカドマリマチ
02401	青森県	野辺地町	ノヘジマチ
02402	青森県	七戸町	シチノヘマチ
02405	青森県	六戸町	ロクノヘマチ
02406	青森県	横浜町	ヨコハママチ
02408	青森県	東北町	トウホクマチ
02411	青森県	六ヶ所村	ロッカショムラ
02412	青森県	おいらせ町	オイラセチョウ
02423	青森県	大間町	オオママチ
02424	青森県	東通村	ヒガシドオリムラ
02425	青森県	風間浦村	カザマウラムラ
02426	青森県	佐井村	サイムラ
02441	青森県	三戸町	サンノヘマチ
02442	青森県	五戸町	ゴノヘマチ
02443	青森県	田子町	タッコマチ
02445	青森県	南部町	ナンブチョウ
02446	青森県	階上町	ハシカミチョウ
02450	青森県	新郷村	シンゴウムラ
03000	岩手県
03201	岩手県	盛岡市	モリオカシ
03202	岩手県	宮古市	ミヤコシ
03203	岩手県	大船渡市	オオフナトシ
03205	岩手県	花巻市	ハナマキシ
03206	岩手県	北上市	キタカミシ
03207	岩手県	久慈市	クジシ
03208	岩手県	遠野市	トオノシ
03209	岩手県	一関市	イチノセキシ
03210	岩手県	陸前高田市	リクゼンタカタシ
03211	岩手県	釜石市	カマイシシ
03213	岩手県	二戸市	ニノヘシ
03214	岩手県	八幡平市	ハチマンタイシ
03215	岩手県	奥州市	オウシュウシ
03216	岩手県	滝沢市	タキザワシ
03301	岩手県	雫石町	シズクイシチョウ
03302	岩手県	葛巻町	クズマキマチ
03303	岩手県	岩手町	イワテマチ
03321	岩手県	紫波町	シワチョウ
03322	岩手県	矢巾町	ヤハバチョウ
03366	岩手県	西和賀町	ニシワガマチ
03381	岩手県	金ケ崎町	カネガサキチョウ
03402	岩手県	平泉町	ヒライズミチョウ
03441	岩手県	住田町	スミタチョウ
03461	岩手県	大槌町	オオツチチョウ
03482	岩手県	山田町	ヤマダマチ
03483	岩手県	岩泉町	イワイズミチョウ
03484	岩手県	田野畑村	タノハタムラ
03485	岩手県	普代村	フダイムラ
03501	岩手県	軽米町	カルマイマチ
03503	岩手県	野田村	ノダムラ
03506	岩手県	九戸村	クノヘムラ
03507	岩手県	洋野町	ヒロノチョウ
03524	岩手県	一戸町	イチノヘマチ
04000	宮城県
04100	宮城県	仙台市	センダイシ
04202	宮城県	石巻市	イシノマキシ
04203	宮城県	塩竈市	シオガマシ
04205	宮城県	気仙沼市	ケセンヌマシ
04206	宮城県	白石市	シロイシシ
04207	宮城県	名取市	ナトリシ
04208	宮城県	角田市	カクダシ
04209	宮城県	多賀城市	タガジョウシ
04211	宮城県	岩沼市	イワヌマシ
04212	宮城県	登米市	トメシ
04213	宮城県	栗原市	クリハラシ
04214	宮城県	東松島市	ヒガシマツシマシ
04215	宮城県	大崎市	オオサキシ
04301	宮城県	蔵王町	ザオウマチ
04302	宮城県	七ヶ宿町	シチカシュクマチ
04321	宮城県	大河原町	オオガワラマチ
04322	宮城県	村田町	ムラタマチ
04323	宮城県	柴田町	シバタマチ
04324	宮城県	川崎町	カワサキマチ
04341	宮城県	丸森町	マルモリマチ
04361	宮城県	亘理町	ワタリチョウ
04362	宮城県	山元町	ヤマモトチョウ
04401	宮城県	松島町	マツシママチ
04404	宮城県	七ヶ浜町	シチガハママチ
04406	宮城県	利府町	リフチョウ
04421	宮城県	大和町	タイワチョウ
04422	宮城県	大郷町	オオサトチョウ
04423	宮城県	富谷町	トミヤマチ
04424	宮城県	大衡村	オオヒラムラ
04444	宮城県	色麻町	シカマチョウ
04445	宮城県	加美町	カミマチ
04501	宮城県	涌谷町	ワクヤチョウ
04505	宮城県	美里町	ミサトマチ
04581	宮城県	女川町	オナガワチョウ
04606	宮城県	南三陸町	ミナミサンリクチョウ
05000	秋田県
05201	秋田県	秋田市	アキタシ
05202	秋田県	能代市	ノシロシ
05203	秋田県	横手市	ヨコテシ
05204	秋田県	大館市	オオダテシ
05206	秋田県	男鹿市	オガシ
05207	秋田県	湯沢市	ユザワシ
05209	秋田県	鹿角市	カヅノシ
05210	秋田県	由利本荘市	ユリホンジョウシ
05211	秋田県	潟上市	カタガミシ
05212	秋田県	大仙市	ダイセンシ
05213	秋田県	北秋田市	キタアキタシ
05214	秋田県	にかほ市	ニカホシ
05215	秋田県	仙北市	センボクシ
05303	秋田県	小坂町	コサカマチ
05327	秋田県	上小阿仁村	カミコアニムラ
05346	秋田県	藤里町	フジサトマチ
05348	秋田県	三種町	ミタネチョウ
05349	秋田県	八峰町	ハッポウチョウ
05361	秋田県	五城目町	ゴジョウメマチ
05363	秋田県	八郎潟町	ハチロウガタマチ
05366	秋田県	井川町	イカワマチ
05368	秋田県	大潟村	オオガタムラ
05434	秋田県	美郷町	ミサトチョウ
05463	秋田県	羽後町	ウゴマチ
05464	秋田県	東成瀬村	ヒガシナルセムラ
06000	山形県
06201	山形県	山形市	ヤマガタシ
06202	山形県	米沢市	ヨネザワシ
06203	山形県	鶴岡市	ツルオカシ
06204	山形県	酒田市	サカタシ
06205	山形県	新庄市	シンジョウシ
06206	山形県	寒河江市	サガエシ
06207	山形県	上山市	カミノヤマシ
06208	山形県	村山市	ムラヤマシ
06209	山形県	長井市	ナガイシ
06210	山形県	天童市	テンドウシ
06211	山形県	東根市	ヒガシネシ
06212	山形県	尾花沢市	オバナザワシ
06213	山形県	南陽市	ナンヨウシ
06301	山形県	山辺町	ヤマノベマチ
06302	山形県	中山町	ナカヤママチ
06321	山形県	河北町	カホクチョウ
06322	山形県	西川町	ニシカワマチ
06323	山形県	朝日町	アサヒマチ
06324	山形県	大江町	オオエマチ
06341	山形県	大石田町	オオイシダマチ
06361	山形県	金山町	カネヤママチ
06362	山形県	最上町	モガミマチ
06363	山形県	舟形町	フナガタマチ
06364	山形県	真室川町	マムロガワマチ
06365	山形県	大蔵村	オオクラムラ
06366	山形県	鮭川村	サケガワムラ
06367	山形県	戸沢村	トザワムラ
06381	山形県	高畠町	タカハタマチ
06382	山形県	川西町	カワニシマチ
06401	山形県	小国町	オグニマチ
06402	山形県	白鷹町	シラタカマチ
06403	山形県	飯豊町	イイデマチ
06426	山形県	三川町	ミカワマチ
06428	山形県	庄内町	シヨウナイマチ
06461	山形県	遊佐町	ユザマチ
07000	福島県
07201	福島県	福島市	フクシマシ
07202	福島県	会津若松市	アイヅワカマツシ
07203	福島県	郡山市	コオリヤマシ
07204	福島県	いわき市	イワキシ
07205	福島県	白河市	シラカワシ
07207	福島県	須賀川市	スカガワシ
07208	福島県	喜多方市	キタカタシ
07209	福島県	相馬市	ソウマシ
07210	福島県	二本松市	ニホンマツシ
07211	福島県	田村市	タムラシ
07212	福島県	南相馬市	ミナミソウマシ
07213	福島県	伊達市	ダテシ
07214	福島県	本宮市	モトミヤシ
07301	福島県	桑折町	コオリマチ
07303	福島県	国見町	クニミマチ
07308	福島県	川俣町	カワマタマチ
07322	福島県	大玉村	オオタマムラ
07342	福島県	鏡石町	カガミイシマチ
07344	福島県	天栄村	テンエイムラ
07362	福島県	下郷町	シモゴウマチ
07364	福島県	檜枝岐村	ヒノエマタムラ
07367	福島県	只見町	タダミマチ
07368	福島県	南会津町	ミナミアイヅマチ
07402	福島県	北塩原村	キタシオバラムラ
07405	福島県	西会津町	ニシアイヅマチ
07407	福島県	磐梯町	バンダイマチ
07408	福島県	猪苗代町	イナワシロマチ
07421	福島県	会津坂下町	アイヅバンゲマチ
07422	福島県	湯川村	ユガワムラ
07423	福島県	柳津町	ヤナイヅマチ
07444	福島県	三島町	ミシママチ
07445	福島県	金山町	カネヤママチ
07446	福島県	昭和村	ショウワムラ
07447	福島県	会津美里町	アイヅミサトマチ
07461	福島県	西郷村	ニシゴウムラ
07464	福島県	泉崎村	イズミザキムラ
07465	福島県	中島村	ナカジマムラ
07466	福島県	矢吹町	ヤブキマチ
07481	福島県	棚倉町	タナグラマチ
07482	福島県	矢祭町	ヤマツリマチ
07483	福島県	塙町	ハナワマチ
07484	福島県	鮫川村	サメガワムラ
07501	福島県	石川町	イシカワマチ
07502	福島県	玉川村	タマカワムラ
07503	福島県	平田村	ヒラタムラ
07504	福島県	浅川町	アサカワマチ
07505	福島県	古殿町	フルドノマチ
07521	福島県	三春町	ミハルマチ
07522	福島県	小野町	オノマチ
07541	福島県	広野町	ヒロノマチ
07542	福島県	楢葉町	ナラハマチ
07543	福島県	富岡町	トミオカマチ
07544	福島県	川内村	カワウチムラ
07545	福島県	大熊町	オオクママチ
07546	福島県	双葉町	フタバマチ
07547	福島県	浪江町	ナミエマチ
07548	福島県	葛尾村	カツラオムラ
07561	福島県	新地町	シンチマチ
07564	福島県	飯舘村	イイタテムラ
08000	茨城県
08201	茨城県	水戸市	ミトシ
08202	茨城県	日立市	ヒタチシ
08203	茨城県	土浦市	ツチウラシ
08204	茨城県	古河市	コガシ
08205	茨城県	石岡市	イシオカシ
08207	茨城県	結城市	ユウキシ
08208	茨城県	龍ケ崎市	リュウガサキシ
08210	茨城県	下妻市	シモツマシ
08211	茨城県	常総市	ジョウソウシ
08212	茨城県	常陸太田市	ヒタチオオタシ
08214	茨城県	高萩市	タカハギシ
08215	茨城県	北茨城市	キタイバラキシ
08216	茨城県	笠間市	カサマシ
08217	茨城県	取手市	トリデシ
08219	茨城県	牛久市	ウシクシ
08220	茨城県	つくば市	ツクバシ
08221	茨城県	ひたちなか市	ヒタチナカシ
08222	茨城県	鹿嶋市	カシマシ
08223	茨城県	潮来市	イタコシ
08224	茨城県	守谷市	モリヤシ
08225	茨城県	常陸大宮市	ヒタチオオミヤシ
08226	茨城県	那珂市	ナカシ
08227	茨城県	筑西市	チクセイシ
08228	茨城県	坂東市	バンドウシ
08229	茨城県	稲敷市	イナシキシ
08230	茨城県	かすみがうら市	カスミガウラシ
08231	茨城県	桜川市	サクラガワシ
08232	茨城県	神栖市	カミスシ
08233	茨城県	行方市	ナメガタシ
08234	茨城県	鉾田市	ホコタシ
08235	茨城県	つくばみらい市	ツクバミライシ
08236	茨城県	小美玉市	オミタマシ
08302	茨城県	茨城町	イバラキマチ
08309	茨城県	大洗町	オオアライマチ
08310	茨城県	城里町	シロサトマチ
08341	茨城県	東海村	トウカイムラ
08364	茨城県	大子町	ダイゴマチ
08442	茨城県	美浦村	ミホムラ
08443	茨城県	阿見町	アミマチ
08447	茨城県	河内町	カワチマチ
08521	茨城県	八千代町	ヤチヨマチ
08542	茨城県	五霞町	ゴカマチ
08546	茨城県	境町	サカイマチ
08564	茨城県	利根町	トネマチ
09000	栃木県
09201	栃木県	宇都宮市	ウツノミヤシ
09202	栃木県	足利市	アシカガシ
09203	栃木県	栃木市	トチギシ
09204	栃木県	佐野市	サノシ
09205	栃木県	鹿沼市	カヌマシ
09206	栃木県	日光市	ニッコウシ
09208	栃木県	小山市	オヤマシ
09209	栃木県	真岡市	モオカシ
09210	栃木県	大田原市	オオタワラシ
09211	栃木県	矢板市	ヤイタシ
09213	栃木県	那須塩原市	ナスシオバラシ
09214	栃木県	さくら市	サクラシ
09215	栃木県	那須烏山市	ナスカラスヤマシ
09216	栃木県	下野市	シモツケシ
09301	栃木県	上三川町	カミノカワマチ
09342	栃木県	益子町	マシコマチ
09343	栃木県	茂木町	モテギマチ
09344	栃木県	市貝町	イチカイマチ
09345	栃木県	芳賀町	ハガマチ
09361	栃木県	壬生町	ミブマチ
09364	栃木県	野木町	ノギマチ
09384	栃木県	塩谷町	シオヤマチ
09386	栃木県	高根沢町	タカネザワマチ
09407	栃木県	那須町	ナスマチ
09411	栃木県	那珂川町	ナカガワマチ
10000	群馬県
10201	群馬県	前橋市	マエバシシ
10202	群馬県	高崎市	タカサキシ
10203	群馬県	桐生市	キリュウシ
10204	群馬県	伊勢崎市	イセサキシ
10205	群馬県	太田市	オオタシ
10206	群馬県	沼田市	ヌマタシ
10207	群馬県	館林市	タテバヤシシ
10208	群馬県	渋川市	シブカワシ
10209	群馬県	藤岡市	フジオカシ
10210	群馬県	富岡市	トミオカシ
10211	群馬県	安中市	アンナカシ
10212	群馬県	みどり市	ミドリシ
10344	群馬県	榛東村	シントウムラ
10345	群馬県	吉岡町	ヨシオカマチ
10366	群馬県	上野村	ウエノムラ
10367	群馬県	神流町	カンナマチ
10382	群馬県	下仁田町	シモニタマチ
10383	群馬県	南牧村	ナンモクムラ
10384	群馬県	甘楽町	カンラマチ
10421	群馬県	中之条町	ナカノジヨウマチ
10424	群馬県	長野原町	ナガノハラマチ
10425	群馬県	嬬恋村	ツマゴイムラ
10426	群馬県	草津町	クサツマチ
10428	群馬県	高山村	タカヤマムラ
10429	群馬県	東吾妻町	ヒガシアガツママチ
10443	群馬県	片品村	カタシナムラ
10444	群馬県	川場村	カワバムラ
10448	群馬県	昭和村	ショウワムラ
10449	群馬県	みなかみ町	ミナカミマチ
10464	群馬県	玉村町	タマムラマチ
10521	群馬県	板倉町	イタクラマチ
10522	群馬県	明和町	メイワマチ
10523	群馬県	千代田町	チヨダマチ
10524	群馬県	大泉町	オオイズミマチ
10525	群馬県	邑楽町	オウラマチ
11000	埼玉県
11100	埼玉県	さいたま市	サイタマシ
11201	埼玉県	川越市	カワゴエシ
11202	埼玉県	熊谷市	クマガヤシ
11203	埼玉県	川口市	カワグチシ
11206	埼玉県	行田市	ギヨウダシ
11207	埼玉県	秩父市	チチブシ
11208	埼玉県	所沢市	トコロザワシ
11209	埼玉県	飯能市	ハンノウシ
11210	埼玉県	加須市	カゾシ
11211	埼玉県	本庄市	ホンジヨウシ
11212	埼玉県	東松山市	ヒガシマツヤマシ
11214	埼玉県	春日部市	カスカベシ
11215	埼玉県	狭山市	サヤマシ
11216	埼玉県	羽生市	ハニユウシ
11217	埼玉県	鴻巣市	コウノスシ
11218	埼玉県	深谷市	フカヤシ
11219	埼玉県	上尾市	アゲオシ
11221	埼玉県	草加市	ソウカシ
11222	埼玉県	越谷市	コシガヤシ
11223	埼玉県	蕨市	ワラビシ
11224	埼玉県	戸田市	トダシ
11225	埼玉県	入間市	イルマシ
11227	埼玉県	朝霞市	アサカシ
11228	埼玉県	志木市	シキシ
11229	埼玉県	和光市	ワコウシ
11230	埼玉県	新座市	ニイザシ
11231	埼玉県	桶川市	オケガワシ
11232	埼玉県	久喜市	クキシ
11233	埼玉県	北本市	キタモトシ
11234	埼玉県	八潮市	ヤシオシ
11235	埼玉県	富士見市	フジミシ
11237	埼玉県	三郷市	ミサトシ
11238	埼玉県	蓮田市	ハスダシ
11239	埼玉県	坂戸市	サカドシ
11240	埼玉県	幸手市	サッテシ
11241	埼玉県	鶴ヶ島市	ツルガシマシ
11242	埼玉県	日高市	ヒダカシ
11243	埼玉県	吉川市	ヨシカワシ
11245	埼玉県	ふじみ野市	フジミノシ
11246	埼玉県	白岡市	シラオカシ
11301	埼玉県	伊奈町	イナマチ
11324	埼玉県	三芳町	ミヨシマチ
11326	埼玉県	毛呂山町	モロヤママチ
11327	埼玉県	越生町	オゴセマチ
11341	埼玉県	滑川町	ナメガワマチ
11342	埼玉県	嵐山町	ランザンマチ
11343	埼玉県	小川町	オガワマチ
11346	埼玉県	川島町	カワジママチ
11347	埼玉県	吉見町	ヨシミマチ
11348	埼玉県	鳩山町	ハトヤママチ
11349	埼玉県	ときがわ町	トキガワマチ
11361	埼玉県	横瀬町	ヨコゼマチ
11362	埼玉県	皆野町	ミナノマチ
11363	埼玉県	長瀞町	ナガトロマチ
11365	埼玉県	小鹿野町	オガノマチ
11369	埼玉県	東秩父村	ヒガシチチブムラ
11381	埼玉県	美里町	ミサトマチ
11383	埼玉県	神川町	カミカワマチ
11385	埼玉県	上里町	カミサトマチ
11408	埼玉県	寄居町	ヨリイマチ
11442	埼玉県	宮代町	ミヤシロマチ
11464	埼玉県	杉戸町	スギトマチ
11465	埼玉県	松伏町	マツブシマチ
12000	千葉県
12100	千葉県	千葉市	チバシ
12202	千葉県	銚子市	チョウシシ
12203	千葉県	市川市	イチカワシ
12204	千葉県	船橋市	フナバシシ
12205	千葉県	館山市	タテヤマシ
12206	千葉県	木更津市	キサラヅシ
12207	千葉県	松戸市	マツドシ
12208	千葉県	野田市	ノダシ
12210	千葉県	茂原市	モバラシ
12211	千葉県	成田市	ナリタシ
12212	千葉県	佐倉市	サクラシ
12213	千葉県	東金市	トウガネシ
12215	千葉県	旭市	アサヒシ
12216	千葉県	習志野市	ナラシノシ
12217	千葉県	柏市	カシワシ
12218	千葉県	勝浦市	カツウラシ
12219	千葉県	市原市	イチハラシ
12220	千葉県	流山市	ナガレヤマシ
12221	千葉県	八千代市	ヤチヨシ
12222	千葉県	我孫子市	アビコシ
12223	千葉県	鴨川市	カモガワシ
12224	千葉県	鎌ケ谷市	カマガヤシ
12225	千葉県	君津市	キミツシ
12226	千葉県	富津市	フッツシ
12227	千葉県	浦安市	ウラヤスシ
12228	千葉県	四街道市	ヨツカイドウシ
12229	千葉県	袖ケ浦市	ソデガウラシ
12230	千葉県	八街市	ヤチマタシ
12231	千葉県	印西市	インザイシ
12232	千葉県	白井市	シロイシ
12233	千葉県	富里市	トミサトシ
12234	千葉県	南房総市	ミナミボウソウシ
12235	千葉県	匝瑳市	ソウサシ
12236	千葉県	香取市	カトリシ
12237	千葉県	山武市	サンムシ
12238	千葉県	いすみ市	イスミシ
12239	千葉県	大網白里市	オオアミシラサトシ
12322	千葉県	酒々井町	シスイマチ
12329	千葉県	栄町	サカエマチ
12342	千葉県	神崎町	コウザキマチ
12347	千葉県	多古町	タコマチ
12349	千葉県	東庄町	トウノショウマチ
12403	千葉県	九十九里町	クジユウクリマチ
12409	千葉県	芝山町	シバヤママチ
12410	千葉県	横芝光町	ヨコシバヒカリマチ
12421	千葉県	一宮町	イチノミヤマチ
12422	千葉県	睦沢町	ムツザワマチ
12423	千葉県	長生村	チョウセイムラ
12424	千葉県	白子町	シラコマチ
12426	千葉県	長柄町	ナガラマチ
12427	千葉県	長南町	チョウナンマチ
12441	千葉県	大多喜町	オオタキマチ
12443	千葉県	御宿町	オンジユクマチ
12463	千葉県	鋸南町	キヨナンマチ
13000	東京都
13101	東京都	千代田区	チヨダク
13102	東京都	中央区	チュウオウク
13103	東京都	港区	ミナトク
13104	東京都	新宿区	シンジュクク
13105	東京都	文京区	ブンキョウク
13106	東京都	台東区	タイトウク
13107	東京都	墨田区	スミダク
13108	東京都	江東区	コウトウク
13109	東京都	品川区	シナガワク
13110	東京都	目黒区	メグロク
13111	東京都	大田区	オオタク
13112	東京都	世田谷区	セタガヤク
13113	東京都	渋谷区	シブヤク
13114	東京都	中野区	ナカノク
13115	東京都	杉並区	スギナミク
13116	東京都	豊島区	トシマク
13117	東京都	北区	キタク
13118	東京都	荒川区	アラカワク
13119	東京都	板橋区	イタバシク
13120	東京都	練馬区	ネリマク
13121	東京都	足立区	アダチク
13122	東京都	葛飾区	カツシカク
13123	東京都	江戸川区	エドガワク
13201	東京都	八王子市	ハチオウジシ
13202	東京都	立川市	タチカワシ
13203	東京都	武蔵野市	ムサシノシ
13204	東京都	三鷹市	ミタカシ
13205	東京都	青梅市	オウメシ
13206	東京都	府中市	フチュウシ
13207	東京都	昭島市	アキシマシ
13208	東京都	調布市	チョウフシ
13209	東京都	町田市	マチダシ
13210	東京都	小金井市	コガネイシ
13211	東京都	小平市	コダイラシ
13212	東京都	日野市	ヒノシ
13213	東京都	東村山市	ヒガシムラヤマシ
13214	東京都	国分寺市	コクブンジシ
13215	東京都	国立市	クニタチシ
13218	東京都	福生市	フッサシ
13219	東京都	狛江市	コマエシ
13220	東京都	東大和市	ヒガシヤマトシ
13221	東京都	清瀬市	キヨセシ
13222	東京都	東久留米市	ヒガシクルメシ
13223	東京都	武蔵村山市	ムサシムラヤマシ
13224	東京都	多摩市	タマシ
13225	東京都	稲城市	イナギシ
13227	東京都	羽村市	ハムラシ
13228	東京都	あきる野市	アキルノシ
13229	東京都	西東京市	ニシトウキョウシ
13303	東京都	瑞穂町	ミズホマチ
13305	東京都	日の出町	ヒノデマチ
13307	東京都	檜原村	ヒノハラムラ
13308	東京都	奥多摩町	オクタママチ
13361	東京都	大島町	オオシママチ
13362	東京都	利島村	トシマムラ
13363	東京都	新島村	ニイジマムラ
13364	東京都	神津島村	コウヅシマムラ
13381	東京都	三宅村	ミヤケムラ
13382	東京都	御蔵島村	ミクラジマムラ
13401	東京都	八丈町	ハチジョウマチ
13402	東京都	青ヶ島村	アオガシマムラ
13421	東京都	小笠原村	オガサワラムラ
14000	神奈川県
14100	神奈川県	横浜市	ヨコハマシ
14130	神奈川県	川崎市	カワサキシ
14150	神奈川県	相模原市	サガミハラシ
14201	神奈川県	横須賀市	ヨコスカシ
14203	神奈川県	平塚市	ヒラツカシ
14204	神奈川県	鎌倉市	カマクラシ
14205	神奈川県	藤沢市	フジサワシ
14206	神奈川県	小田原市	オダワラシ
14207	神奈川県	茅ヶ崎市	チガサキシ
14208	神奈川県	逗子市	ズシシ
14210	神奈川県	三浦市	ミウラシ
14211	神奈川県	秦野市	ハダノシ
14212	神奈川県	厚木市	アツギシ
14213	神奈川県	大和市	ヤマトシ
14214	神奈川県	伊勢原市	イセハラシ
14215	神奈川県	海老名市	エビナシ
14216	神奈川県	座間市	ザマシ
14217	神奈川県	南足柄市	ミナミアシガラシ
14218	神奈川県	綾瀬市	アヤセシ
14301	神奈川県	葉山町	ハヤママチ
14321	神奈川県	寒川町	サムカワマチ
14341	神奈川県	大磯町	オオイソマチ
14342	神奈川県	二宮町	ニノミヤマチ
14361	神奈川県	中井町	ナカイマチ
14362	神奈川県	大井町	オオイマチ
14363	神奈川県	松田町	マツダマチ
14364	神奈川県	山北町	ヤマキタマチ
14366	神奈川県	開成町	カイセイマチ
14382	神奈川県	箱根町	ハコネマチ
14383	神奈川県	真鶴町	マナツルマチ
14384	神奈川県	湯河原町	ユガワラマチ
14401	神奈川県	愛川町	アイカワマチ
14402	神奈川県	清川村	キヨカワムラ
15000	新潟県
15100	新潟県	新潟市	ニイガタシ
15202	新潟県	長岡市	ナガオカシ
15204	新潟県	三条市	サンジョウシ
15205	新潟県	柏崎市	カシワザキシ
15206	新潟県	新発田市	シバタシ
15208	新潟県	小千谷市	オヂヤシ
15209	新潟県	加茂市	カモシ
15210	新潟県	十日町市	トオカマチシ
15211	新潟県	見附市	ミツケシ
15212	新潟県	村上市	ムラカミシ
15213	新潟県	燕市	ツバメシ
15216	新潟県	糸魚川市	イトイガワシ
15217	新潟県	妙高市	ミョウコウシ
15218	新潟県	五泉市	ゴセンシ
15222	新潟県	上越市	ジョウエツシ
15223	新潟県	阿賀野市	アガノシ
15224	新潟県	佐渡市	サドシ
15225	新潟県	魚沼市	ウオヌマシ
15226	新潟県	南魚沼市	ミナミウオヌマシ
15227	新潟県	胎内市	タイナイシ
15307	新潟県	聖籠町	セイロウマチ
15342	新潟県	弥彦村	ヤヒコムラ
15361	新潟県	田上町	タガミマチ
15385	新潟県	阿賀町	アガマチ
15405	新潟県	出雲崎町	イズモザキマチ
15461	新潟県	湯沢町	ユザワマチ
15482	新潟県	津南町	ツナンマチ
15504	新潟県	刈羽村	カリワムラ
15581	新潟県	関川村	セキカワムラ
15586	新潟県	粟島浦村	アワシマウラムラ
16000	富山県
16201	富山県	富山市	トヤマシ
16202	富山県	高岡市	タカオカシ
16204	富山県	魚津市	ウオヅシ
16205	富山県	氷見市	ヒミシ
16206	富山県	滑川市	ナメリカワシ
16207	富山県	黒部市	クロベシ
16208	富山県	砺波市	トナミシ
16209	富山県	小矢部市	オヤベシ
16210	富山県	南砺市	ナントシ
16211	富山県	射水市	イミズシ
16321	富山県	舟橋村	フナハシムラ
16322	富山県	上市町	カミイチマチ
16323	富山県	立山町	タテヤママチ
16342	富山県	入善町	ニュウゼンマチ
16343	富山県	朝日町	アサヒマチ
17000	石川県
17201	石川県	金沢市	カナザワシ
17202	石川県	七尾市	ナナオシ
17203	石川県	小松市	コマツシ
17204	石川県	輪島市	ワジマシ
17205	石川県	珠洲市	スズシ
17206	石川県	加賀市	カガシ
17207	石川県	羽咋市	ハクイシ
17209	石川県	かほく市	カホクシ
17210	石川県	白山市	ハクサンシ
17211	石川県	能美市	ノミシ
17212	石川県	野々市市	ノノイチシ
17324	石川県	川北町	カワキタマチ
17361	石川県	津幡町	ツバタマチ
17365	石川県	内灘町	ウチナダマチ
17384	石川県	志賀町	シカマチ
17386	石川県	宝達志水町	ホウダツシミズチョウ
17407	石川県	中能登町	ナカノトマチ
17461	石川県	穴水町	アナミズマチ
17463	石川県	能登町	ノトチョウ
18000	福井県
18201	福井県	福井市	フクイシ
18202	福井県	敦賀市	ツルガシ
18204	福井県	小浜市	オバマシ
18205	福井県	大野市	オオノシ
18206	福井県	勝山市	カツヤマシ
18207	福井県	鯖江市	サバエシ
18208	福井県	あわら市	アワラシ
18209	福井県	越前市	エチゼンシ
18210	福井県	坂井市	サカイシ
18322	福井県	永平寺町	エイヘイジチョウ
18382	福井県	池田町	イケダチョウ
18404	福井県	南越前町	ミナミエチゼンチョウ
18423	福井県	越前町	エチゼンチョウ
18442	福井県	美浜町	ミハマチョウ
18481	福井県	高浜町	タカハマチョウ
18483	福井県	おおい町	オオイチョウ
18501	福井県	若狭町	ワカサチョウ
19000	山梨県
19201	山梨県	甲府市	コウフシ
19202	山梨県	富士吉田市	フジヨシダシ
19204	山梨県	都留市	ツルシ
19205	山梨県	山梨市	ヤマナシシ
19206	山梨県	大月市	オオツキシ
19207	山梨県	韮崎市	ニラサキシ
19208	山梨県	南アルプス市	ミナミアルプスシ
19209	山梨県	北杜市	ホクトシ
19210	山梨県	甲斐市	カイシ
19211	山梨県	笛吹市	フエフキシ
19212	山梨県	上野原市	ウエノハラシ
19213	山梨県	甲州市	コウシュウシ
19214	山梨県	中央市	チュウオウシ
19346	山梨県	市川三郷町	イチカワミサトチョウ
19364	山梨県	早川町	ハヤカワチョウ
19365	山梨県	身延町	ミノブチョウ
19366	山梨県	南部町	ナンブチョウ
19368	山梨県	富士川町	フジカワチョウ
19384	山梨県	昭和町	ショウワチョウ
19422	山梨県	道志村	ドウシムラ
19423	山梨県	西桂町	ニシカツラチョウ
19424	山梨県	忍野村	オシノムラ
19425	山梨県	山中湖村	ヤマナカコムラ
19429	山梨県	鳴沢村	ナルサワムラ
19430	山梨県	富士河口湖町	フジカワグチコマチ
19442	山梨県	小菅村	コスゲムラ
19443	山梨県	丹波山村	タバヤマムラ
20000	長野県
20201	長野県	長野市	ナガノシ
20202	長野県	松本市	マツモトシ
20203	長野県	上田市	ウエダシ
20204	長野県	岡谷市	オカヤシ
20205	長野県	飯田市	イイダシ
20206	長野県	諏訪市	スワシ
20207	長野県	須坂市	スザカシ
20208	長野県	小諸市	コモロシ
20209	長野県	伊那市	イナシ
20210	長野県	駒ヶ根市	コマガネシ
20211	長野県	中野市	ナカノシ
20212	長野県	大町市	オオマチシ
20213	長野県	飯山市	イイヤマシ
20214	長野県	茅野市	チノシ
20215	長野県	塩尻市	シオジリシ
20217	長野県	佐久市	サクシ
20218	長野県	千曲市	チクマシ
20219	長野県	東御市	トウミシ
20220	長野県	安曇野市	アヅミノシ
20303	長野県	小海町	コウミマチ
20304	長野県	川上村	カワカミムラ
20305	長野県	南牧村	ミナミマキムラ
20306	長野県	南相木村	ミナミアイキムラ
20307	長野県	北相木村	キタアイキムラ
20309	長野県	佐久穂町	サクホマチ
20321	長野県	軽井沢町	カルイザワマチ
20323	長野県	御代田町	ミヨタマチ
20324	長野県	立科町	タテシナマチ
20349	長野県	青木村	アオキムラ
20350	長野県	長和町	ナガワマチ
20361	長野県	下諏訪町	シモスワマチ
20362	長野県	富士見町	フジミマチ
20363	長野県	原村	ハラムラ
20382	長野県	辰野町	タツノマチ
20383	長野県	箕輪町	ミノワマチ
20384	長野県	飯島町	イイジママチ
20385	長野県	南箕輪村	ミナミミノワムラ
20386	長野県	中川村	ナカガワムラ
20388	長野県	宮田村	ミヤダムラ
20402	長野県	松川町	マツカワマチ
20403	長野県	高森町	タカモリマチ
20404	長野県	阿南町	アナンチョウ
20407	長野県	阿智村	アチムラ
20409	長野県	平谷村	ヒラヤムラ
20410	長野県	根羽村	ネバムラ
20411	長野県	下條村	シモジョウムラ
20412	長野県	売木村	ウルギムラ
20413	長野県	天龍村	テンリュウムラ
20414	長野県	泰阜村	ヤスオカムラ
20415	長野県	喬木村	タカギムラ
20416	長野県	豊丘村	トヨオカムラ
20417	長野県	大鹿村	オオシカムラ
20422	長野県	上松町	アゲマツマチ
20423	長野県	南木曽町	ナギソマチ
20425	長野県	木祖村	キソムラ
20429	長野県	王滝村	オウタキムラ
20430	長野県	大桑村	オオクワムラ
20432	長野県	木曽町	キソマチ
20446	長野県	麻績村	オミムラ
20448	長野県	生坂村	イクサカムラ
20450	長野県	山形村	ヤマガタムラ
20451	長野県	朝日村	アサヒムラ
20452	長野県	筑北村	チクホクムラ
20481	長野県	池田町	イケダマチ
20482	長野県	松川村	マツカワムラ
20485	長野県	白馬村	ハクバムラ
20486	長野県	小谷村	オタリムラ
20521	長野県	坂城町	サカキマチ
20541	長野県	小布施町	オブセマチ
20543	長野県	高山村	タカヤマムラ
20561	長野県	山ノ内町	ヤマノウチマチ
20562	長野県	木島平村	キジマダイラムラ
20563	長野県	野沢温泉村	ノザワオンセンムラ
20583	長野県	信濃町	シナノマチ
20588	長野県	小川村	オガワムラ
20590	長野県	飯綱町	イイヅナマチ
20602	長野県	栄村	サカエムラ
21000	岐阜県
21201	岐阜県	岐阜市	ギフシ
21202	岐阜県	大垣市	オオガキシ
21203	岐阜県	高山市	タカヤマシ
21204	岐阜県	多治見市	タジミシ
21205	岐阜県	関市	セキシ
21206	岐阜県	中津川市	ナカツガワシ
21207	岐阜県	美濃市	ミノシ
21208	岐阜県	瑞浪市	ミズナミシ
21209	岐阜県	羽島市	ハシマシ
21210	岐阜県	恵那市	エナシ
21211	岐阜県	美濃加茂市	ミノカモシ
21212	岐阜県	土岐市	トキシ
21213	岐阜県	各務原市	カカミガハラシ
21214	岐阜県	可児市	カニシ
21215	岐阜県	山県市	ヤマガタシ
21216	岐阜県	瑞穂市	ミズホシ
21217	岐阜県	飛騨市	ヒダシ
21218	岐阜県	本巣市	モトスシ
21219	岐阜県	郡上市	グジョウシ
21220	岐阜県	下呂市	ゲロシ
21221	岐阜県	海津市	カイヅシ
21302	岐阜県	岐南町	ギナンチョウ
21303	岐阜県	笠松町	カサマツチョウ
21341	岐阜県	養老町	ヨウロウチョウ
21361	岐阜県	垂井町	タルイチョウ
21362	岐阜県	関ケ原町	セキガハラチョウ
21381	岐阜県	神戸町	ゴウドチョウ
21382	岐阜県	輪之内町	ワノウチチョウ
21383	岐阜県	安八町	アンパチチョウ
21401	岐阜県	揖斐川町	イビガワチョウ
21403	岐阜県	大野町	オオノチョウ
21404	岐阜県	池田町	イケダチョウ
21421	岐阜県	北方町	キタガタチョウ
21501	岐阜県	坂祝町	サカホギチョウ
21502	岐阜県	富加町	トミカチョウ
21503	岐阜県	川辺町	カワベチョウ
21504	岐阜県	七宗町	ヒチソウチョウ
21505	岐阜県	八百津町	ヤオツチョウ
21506	岐阜県	白川町	シラカワチョウ
21507	岐阜県	東白川村	ヒガシシラカワムラ
21521	岐阜県	御嵩町	ミタケチョウ
21604	岐阜県	白川村	シラカワムラ
22000	静岡県
22100	静岡県	静岡市	シズオカシ
22130	静岡県	浜松市	ハママツシ
22203	静岡県	沼津市	ヌマヅシ
22205	静岡県	熱海市	アタミシ
22206	静岡県	三島市	ミシマシ
22207	静岡県	富士宮市	フジノミヤシ
22208	静岡県	伊東市	イトウシ
22209	静岡県	島田市	シマダシ
22210	静岡県	富士市	フジシ
22211	静岡県	磐田市	イワタシ
22212	静岡県	焼津市	ヤイヅシ
22213	静岡県	掛川市	カケガワシ
22214	静岡県	藤枝市	フジエダシ
22215	静岡県	御殿場市	ゴテンバシ
22216	静岡県	袋井市	フクロイシ
22219	静岡県	下田市	シモダシ
22220	静岡県	裾野市	スソノシ
22221	静岡県	湖西市	コサイシ
22222	静岡県	伊豆市	イズシ
22223	静岡県	御前崎市	オマエザキシ
22224	静岡県	菊川市	キクガワシ
22225	静岡県	伊豆の国市	イズノクニシ
22226	静岡県	牧之原市	マキノハラシ
22301	静岡県	東伊豆町	ヒガシイズチョウ
22302	静岡県	河津町	カワヅチョウ
22304	静岡県	南伊豆町	ミナミイズチョウ
22305	静岡県	松崎町	マツザキチョウ
22306	静岡県	西伊豆町	ニシイズチョウ
22325	静岡県	函南町	カンナミチョウ
22341	静岡県	清水町	シミズチョウ
22342	静岡県	長泉町	ナガイズミチョウ
22344	静岡県	小山町	オヤマチョウ
22424	静岡県	吉田町	ヨシダチョウ
22429	静岡県	川根本町	カワネホンチョウ
22461	静岡県	森町	モリマチ
23000	愛知県
23100	愛知県	名古屋市	ナゴヤシ
23201	愛知県	豊橋市	トヨハシシ
23202	愛知県	岡崎市	オカザキシ
23203	愛知県	一宮市	イチノミヤシ
23204	愛知県	瀬戸市	セトシ
23205	愛知県	半田市	ハンダシ
23206	愛知県	春日井市	カスガイシ
23207	愛知県	豊川市	トヨカワシ
23208	愛知県	津島市	ツシマシ
23209	愛知県	碧南市	ヘキナンシ
23210	愛知県	刈谷市	カリヤシ
23211	愛知県	豊田市	トヨタシ
23212	愛知県	安城市	アンジョウシ
23213	愛知県	西尾市	ニシオシ
23214	愛知県	蒲郡市	ガマゴオリシ
23215	愛知県	犬山市	イヌヤマシ
23216	愛知県	常滑市	トコナメシ
23217	愛知県	江南市	コウナンシ
23219	愛知県	小牧市	コマキシ
23220	愛知県	稲沢市	イナザワシ
23221	愛知県	新城市	シンシロシ
23222	愛知県	東海市	トウカイシ
23223	愛知県	大府市	オオブシ
23224	愛知県	知多市	チタシ
23225	愛知県	知立市	チリュウシ
23226	愛知県	尾張旭市	オワリアサヒシ
23227	愛知県	高浜市	タカハマシ
23228	愛知県	岩倉市	イワクラシ
23229	愛知県	豊明市	トヨアケシ
23230	愛知県	日進市	ニッシンシ
23231	愛知県	田原市	タハラシ
23232	愛知県	愛西市	アイサイシ
23233	愛知県	清須市	キヨスシ
23234	愛知県	北名古屋市	キタナゴヤシ
23235	愛知県	弥富市	ヤトミシ
23236	愛知県	みよし市	ミヨシシ
23237	愛知県	あま市	アマシ
23238	愛知県	長久手市	ナガクテシ
23302	愛知県	東郷町	トウゴウチョウ
23342	愛知県	豊山町	トヨヤマチョウ
23361	愛知県	大口町	オオグチチョウ
23362	愛知県	扶桑町	フソウチョウ
23424	愛知県	大治町	オオハルチョウ
23425	愛知県	蟹江町	カニエチョウ
23427	愛知県	飛島村	トビシマムラ
23441	愛知県	阿久比町	アグイチョウ
23442	愛知県	東浦町	ヒガシウラチョウ
23445	愛知県	南知多町	ミナミチタチョウ
23446	愛知県	美浜町	ミハマチョウ
23447	愛知県	武豊町	タケトヨチョウ
23501	愛知県	幸田町	コウタチョウ
23561	愛知県	設楽町	シタラチョウ
23562	愛知県	東栄町	トウエイチョウ
23563	愛知県	豊根村	トヨネムラ
24000	三重県
24201	三重県	津市	ツシ
24202	三重県	四日市市	ヨッカイチシ
24203	三重県	伊勢市	イセシ
24204	三重県	松阪市	マツサカシ
24205	三重県	桑名市	クワナシ
24207	三重県	鈴鹿市	スズカシ
24208	三重県	名張市	ナバリシ
24209	三重県	尾鷲市	オワセシ
24210	三重県	亀山市	カメヤマシ
24211	三重県	鳥羽市	トバシ
24212	三重県	熊野市	クマノシ
24214	三重県	いなべ市	イナベシ
24215	三重県	志摩市	シマシ
24216	三重県	伊賀市	イガシ
24303	三重県	木曽岬町	キソサキチョウ
24324	三重県	東員町	トウインチョウ
24341	三重県	菰野町	コモノチョウ
24343	三重県	朝日町	アサヒチョウ
24344	三重県	川越町	カワゴエチョウ
24441	三重県	多気町	タキチョウ
24442	三重県	明和町	メイワチョウ
24443	三重県	大台町	オオダイチョウ
24461	三重県	玉城町	タマキチョウ
24470	三重県	度会町	ワタライチョウ
24471	三重県	大紀町	タイキチョウ
24472	三重県	南伊勢町	ミナミイセチョウ
24543	三重県	紀北町	キホクチョウ
24561	三重県	御浜町	ミハマチョウ
24562	三重県	紀宝町	キホウチョウ
25000	滋賀県
25201	滋賀県	大津市	オオツシ
25202	滋賀県	彦根市	ヒコネシ
25203	滋賀県	長浜市	ナガハマシ
25204	滋賀県	近江八幡市	オウミハチマンシ
25206	滋賀県	草津市	クサツシ
25207	滋賀県	守山市	モリヤマシ
25208	滋賀県	栗東市	リットウシ
25209	滋賀県	甲賀市	コウカシ
25210	滋賀県	野洲市	ヤスシ
25211	滋賀県	湖南市	コナンシ
25212	滋賀県	高島市	タカシマシ
25213	滋賀県	東近江市	ヒガシオウミシ
25214	滋賀県	米原市	マイバラシ
25383	滋賀県	日野町	ヒノチョウ
25384	滋賀県	竜王町	リユウオウチョウ
25425	滋賀県	愛荘町	アイショウチョウ
25441	滋賀県	豊郷町	トヨサトチョウ
25442	滋賀県	甲良町	コウラチョウ
25443	滋賀県	多賀町	タガチョウ
26000	京都府
26100	京都府	京都市	キョウトシ
26201	京都府	福知山市	フクチヤマシ
26202	京都府	舞鶴市	マイヅルシ
26203	京都府	綾部市	アヤベシ
26204	京都府	宇治市	ウジシ
26205	京都府	宮津市	ミヤヅシ
26206	京都府	亀岡市	カメオカシ
26207	京都府	城陽市	ジョウヨウシ
26208	京都府	向日市	ムコウシ
26209	京都府	長岡京市	ナガオカキョウシ
26210	京都府	八幡市	ヤワタシ
26211	京都府	京田辺市	キョウタナベシ
26212	京都府	京丹後市	キョウタンゴシ
26213	京都府	南丹市	ナンタンシ
26214	京都府	木津川市	キヅガワシ
26303	京都府	大山崎町	オオヤマザキチョウ
26322	京都府	久御山町	クミヤマチョウ
26343	京都府	井手町	イデチョウ
26344	京都府	宇治田原町	ウジタワラチョウ
26364	京都府	笠置町	カサギチョウ
26365	京都府	和束町	ワヅカチョウ
26366	京都府	精華町	セイカチョウ
26367	京都府	南山城村	ミナミヤマシロムラ
26407	京都府	京丹波町	キョウタンバチョウ
26463	京都府	伊根町	イネチョウ
26465	京都府	与謝野町	ヨサノチョウ
27000	大阪府
27100	大阪府	大阪市	オオサカシ
27140	大阪府	堺市	サカイシ
27202	大阪府	岸和田市	キシワダシ
27203	大阪府	豊中市	トヨナカシ
27204	大阪府	池田市	イケダシ
27205	大阪府	吹田市	スイタシ
27206	大阪府	泉大津市	イズミオオツシ
27207	大阪府	高槻市	タカツキシ
27208	大阪府	貝塚市	カイヅカシ
27209	大阪府	守口市	モリグチシ
27210	大阪府	枚方市	ヒラカタシ
27211	大阪府	茨木市	イバラキシ
27212	大阪府	八尾市	ヤオシ
27213	大阪府	泉佐野市	イズミサノシ
27214	大阪府	富田林市	トンダバヤシシ
27215	大阪府	寝屋川市	ネヤガワシ
27216	大阪府	河内長野市	カワチナガノシ
27217	大阪府	松原市	マツバラシ
27218	大阪府	大東市	ダイトウシ
27219	大阪府	和泉市	イズミシ
27220	大阪府	箕面市	ミノオシ
27221	大阪府	柏原市	カシワラシ
27222	大阪府	羽曳野市	ハビキノシ
27223	大阪府	門真市	カドマシ
27224	大阪府	摂津市	セッツシ
27225	大阪府	高石市	タカイシシ
27226	大阪府	藤井寺市	フジイデラシ
27227	大阪府	東大阪市	ヒガシオオサカシ
27228	大阪府	泉南市	センナンシ
27229	大阪府	四條畷市	シジヨウナワテシ
27230	大阪府	交野市	カタノシ
27231	大阪府	大阪狭山市	オオサカサヤマシ
27232	大阪府	阪南市	ハンナンシ
27301	大阪府	島本町	シマモトチョウ
27321	大阪府	豊能町	トヨノチョウ
27322	大阪府	能勢町	ノセチョウ
27341	大阪府	忠岡町	タダオカチョウ
27361	大阪府	熊取町	クマトリチョウ
27362	大阪府	田尻町	タジリチョウ
27366	大阪府	岬町	ミサキチョウ
27381	大阪府	太子町	タイシチョウ
27382	大阪府	河南町	カナンチョウ
27383	大阪府	千早赤阪村	チハヤアカサカムラ
28000	兵庫県
28100	兵庫県	神戸市	コウベシ
28201	兵庫県	姫路市	ヒメジシ
28202	兵庫県	尼崎市	アマガサキシ
28203	兵庫県	明石市	アカシシ
28204	兵庫県	西宮市	ニシノミヤシ
28205	兵庫県	洲本市	スモトシ
28206	兵庫県	芦屋市	アシヤシ
28207	兵庫県	伊丹市	イタミシ
28208	兵庫県	相生市	アイオイシ
28209	兵庫県	豊岡市	トヨオカシ
28210	兵庫県	加古川市	カコガワシ
28212	兵庫県	赤穂市	アコウシ
28213	兵庫県	西脇市	ニシワキシ
28214	兵庫県	宝塚市	タカラヅカシ
28215	兵庫県	三木市	ミキシ
28216	兵庫県	高砂市	タカサゴシ
28217	兵庫県	川西市	カワニシシ
28218	兵庫県	小野市	オノシ
28219	兵庫県	三田市	サンダシ
28220	兵庫県	加西市	カサイシ
28221	兵庫県	篠山市	ササヤマシ
28222	兵庫県	養父市	ヤブシ
28223	兵庫県	丹波市	タンバシ
28224	兵庫県	南あわじ市	ミナミアワジシ
28225	兵庫県	朝来市	アサゴシ
28226	兵庫県	淡路市	アワジシ
28227	兵庫県	宍粟市	シソウシ
28228	兵庫県	加東市	カトウシ
28229	兵庫県	たつの市	タツノシ
28301	兵庫県	猪名川町	イナガワチョウ
28365	兵庫県	多可町	タカチョウ
28381	兵庫県	稲美町	イナミチョウ
28382	兵庫県	播磨町	ハリマチョウ
28442	兵庫県	市川町	イチカワチョウ
28443	兵庫県	福崎町	フクサキチョウ
28446	兵庫県	神河町	カミカワチョウ
28464	兵庫県	太子町	タイシチョウ
28481	兵庫県	上郡町	カミゴオリチョウ
28501	兵庫県	佐用町	サヨウチョウ
28585	兵庫県	香美町	カミチョウ
28586	兵庫県	新温泉町	シンオンセンチョウ
29000	奈良県
29201	奈良県	奈良市	ナラシ
29202	奈良県	大和高田市	ヤマトタカダシ
29203	奈良県	大和郡山市	ヤマトコオリヤマシ
29204	奈良県	天理市	テンリシ
29205	奈良県	橿原市	カシハラシ
29206	奈良県	桜井市	サクライシ
29207	奈良県	五條市	ゴジョウシ
29208	奈良県	御所市	ゴセシ
29209	奈良県	生駒市	イコマシ
29210	奈良県	香芝市	カシバシ
29211	奈良県	葛城市	カツラギシ
29212	奈良県	宇陀市	ウダシ
29322	奈良県	山添村	ヤマゾエムラ
29342	奈良県	平群町	ヘグリチョウ
29343	奈良県	三郷町	サンゴウチョウ
29344	奈良県	斑鳩町	イカルガチョウ
29345	奈良県	安堵町	アンドチョウ
29361	奈良県	川西町	カワニシチョウ
29362	奈良県	三宅町	ミヤケチョウ
29363	奈良県	田原本町	タワラモトチョウ
29385	奈良県	曽爾村	ソニムラ
29386	奈良県	御杖村	ミツエムラ
29401	奈良県	高取町	タカトリチョウ
29402	奈良県	明日香村	アスカムラ
29424	奈良県	上牧町	カンマキチョウ
29425	奈良県	王寺町	オウジチョウ
29426	奈良県	広陵町	コウリヨウチョウ
29427	奈良県	河合町	カワイチョウ
29441	奈良県	吉野町	ヨシノチョウ
29442	奈良県	大淀町	オオヨドチョウ
29443	奈良県	下市町	シモイチチョウ
29444	奈良県	黒滝村	クロタキムラ
29446	奈良県	天川村	テンカワムラ
29447	奈良県	野迫川村	ノセガワムラ
29449	奈良県	十津川村	トツカワムラ
29450	奈良県	下北山村	シモキタヤマムラ
29451	奈良県	上北山村	カミキタヤマムラ
29452	奈良県	川上村	カワカミムラ
29453	奈良県	東吉野村	ヒガシヨシノムラ
30000	和歌山県
30201	和歌山県	和歌山市	ワカヤマシ
30202	和歌山県	海南市	カイナンシ
30203	和歌山県	橋本市	ハシモトシ
30204	和歌山県	有田市	アリダシ
30205	和歌山県	御坊市	ゴボウシ
30206	和歌山県	田辺市	タナベシ
30207	和歌山県	新宮市	シングウシ
30208	和歌山県	紀の川市	キノカワシ
30209	和歌山県	岩出市	イワデシ
30304	和歌山県	紀美野町	キミノチョウ
30341	和歌山県	かつらぎ町	カツラギチョウ
30343	和歌山県	九度山町	クドヤマチョウ
30344	和歌山県	高野町	コウヤチョウ
30361	和歌山県	湯浅町	ユアサチョウ
30362	和歌山県	広川町	ヒロガワチョウ
30366	和歌山県	有田川町	アリダガワチョウ
30381	和歌山県	美浜町	ミハマチョウ
30382	和歌山県	日高町	ヒダカチョウ
30383	和歌山県	由良町	ユラチョウ
30390	和歌山県	印南町	イナミチョウ
30391	和歌山県	みなべ町	ミナベチョウ
30392	和歌山県	日高川町	ヒダカガワチョウ
30401	和歌山県	白浜町	シラハマチョウ
30404	和歌山県	上富田町	カミトンダチョウ
30406	和歌山県	すさみ町	スサミチョウ
30421	和歌山県	那智勝浦町	ナチカツウラチョウ
30422	和歌山県	太地町	タイジチョウ
30424	和歌山県	古座川町	コザガワチョウ
30427	和歌山県	北山村	キタヤマムラ
30428	和歌山県	串本町	クシモトチョウ
31000	鳥取県
31201	鳥取県	鳥取市	トットリシ
31202	鳥取県	米子市	ヨナゴシ
31203	鳥取県	倉吉市	クラヨシシ
31204	鳥取県	境港市	サカイミナトシ
31302	鳥取県	岩美町	イワミチョウ
31325	鳥取県	若桜町	ワカサチョウ
31328	鳥取県	智頭町	チヅチョウ
31329	鳥取県	八頭町	ヤズチョウ
31364	鳥取県	三朝町	ミササチョウ
31370	鳥取県	湯梨浜町	ユリハマチョウ
31371	鳥取県	琴浦町	コトウラチョウ
31372	鳥取県	北栄町	ホクエイチョウ
31384	鳥取県	日吉津村	ヒエヅソン
31386	鳥取県	大山町	ダイセンチョウ
31389	鳥取県	南部町	ナンブチョウ
31390	鳥取県	伯耆町	ホウキチョウ
31401	鳥取県	日南町	ニチナンチョウ
31402	鳥取県	日野町	ヒノチョウ
31403	鳥取県	江府町	コウフチョウ
32000	島根県
32201	島根県	松江市	マツエシ
32202	島根県	浜田市	ハマダシ
32203	島根県	出雲市	イズモシ
32204	島根県	益田市	マスダシ
32205	島根県	大田市	オオダシ
32206	島根県	安来市	ヤスギシ
32207	島根県	江津市	ゴウツシ
32209	島根県	雲南市	ウンナンシ
32343	島根県	奥出雲町	オクイズモチョウ
32386	島根県	飯南町	イイナンチョウ
32441	島根県	川本町	カワモトマチ
32448	島根県	美郷町	ミサトチョウ
32449	島根県	邑南町	オオナンチョウ
32501	島根県	津和野町	ツワノチョウ
32505	島根県	吉賀町	ヨシカチョウ
32525	島根県	海士町	アマチョウ
32526	島根県	西ノ島町	ニシノシマチョウ
32527	島根県	知夫村	チブムラ
32528	島根県	隠岐の島町	オキノシマチョウ
33000	岡山県
33100	岡山県	岡山市	オカヤマシ
33202	岡山県	倉敷市	クラシキシ
33203	岡山県	津山市	ツヤマシ
33204	岡山県	玉野市	タマノシ
33205	岡山県	笠岡市	カサオカシ
33207	岡山県	井原市	イバラシ
33208	岡山県	総社市	ソウジヤシ
33209	岡山県	高梁市	タカハシシ
33210	岡山県	新見市	ニイミシ
33211	岡山県	備前市	ビゼンシ
33212	岡山県	瀬戸内市	セトウチシ
33213	岡山県	赤磐市	アカイワシ
33214	岡山県	真庭市	マニワシ
33215	岡山県	美作市	ミマサカシ
33216	岡山県	浅口市	アサクチシ
33346	岡山県	和気町	ワケチョウ
33423	岡山県	早島町	ハヤシマチョウ
33445	岡山県	里庄町	サトショウチョウ
33461	岡山県	矢掛町	ヤカゲチョウ
33586	岡山県	新庄村	シンジヨウソン
33606	岡山県	鏡野町	カガミノチョウ
33622	岡山県	勝央町	ショウオウチョウ
33623	岡山県	奈義町	ナギチョウ
33643	岡山県	西粟倉村	ニシアワクラソン
33663	岡山県	久米南町	クメナンチョウ
33666	岡山県	美咲町	ミサキチョウ
33681	岡山県	吉備中央町	キビチュウオウチョウ
34000	広島県
34100	広島県	広島市	ヒロシマシ
34202	広島県	呉市	クレシ
34203	広島県	竹原市	タケハラシ
34204	広島県	三原市	ミハラシ
34205	広島県	尾道市	オノミチシ
34207	広島県	福山市	フクヤマシ
34208	広島県	府中市	フチュウシ
34209	広島県	三次市	ミヨシシ
34210	広島県	庄原市	ショウバラシ
34211	広島県	大竹市	オオタケシ
34212	広島県	東広島市	ヒガシヒロシマシ
34213	広島県	廿日市市	ハツカイチシ
34214	広島県	安芸高田市	アキタカタシ
34215	広島県	江田島市	エタジマシ
34302	広島県	府中町	フチュウチョウ
34304	広島県	海田町	カイタチョウ
34307	広島県	熊野町	クマノチョウ
34309	広島県	坂町	サカチョウ
34368	広島県	安芸太田町	アキオオタチョウ
34369	広島県	北広島町	キタヒロシマチョウ
34431	広島県	大崎上島町	オオサキカミジマチョウ
34462	広島県	世羅町	セラチョウ
34545	広島県	神石高原町	ジンセキコウゲンチョウ
35000	山口県
35201	山口県	下関市	シモノセキシ
35202	山口県	宇部市	ウベシ
35203	山口県	山口市	ヤマグチシ
35204	山口県	萩市	ハギシ
35206	山口県	防府市	ホウフシ
35207	山口県	下松市	クダマツシ
35208	山口県	岩国市	イワクニシ
35210	山口県	光市	ヒカリシ
35211	山口県	長門市	ナガトシ
35212	山口県	柳井市	ヤナイシ
35213	山口県	美祢市	ミネシ
35215	山口県	周南市	シュウナンシ
35216	山口県	山陽小野田市	サンヨウオノダシ
35305	山口県	周防大島町	スオウオオシマチョウ
35321	山口県	和木町	ワキチョウ
35341	山口県	上関町	カミノセキチョウ
35343	山口県	田布施町	タブセチョウ
35344	山口県	平生町	ヒラオチョウ
35502	山口県	阿武町	アブチョウ
36000	徳島県
36201	徳島県	徳島市	トクシマシ
36202	徳島県	鳴門市	ナルトシ
36203	徳島県	小松島市	コマツシマシ
36204	徳島県	阿南市	アナンシ
36205	徳島県	吉野川市	ヨシノガワシ
36206	徳島県	阿波市	アワシ
36207	徳島県	美馬市	ミマシ
36208	徳島県	三好市	ミヨシシ
36301	徳島県	勝浦町	カツウラチョウ
36302	徳島県	上勝町	カミカツチョウ
36321	徳島県	佐那河内村	サナゴウチソン
36341	徳島県	石井町	イシイチョウ
36342	徳島県	神山町	カミヤマチョウ
36368	徳島県	那賀町	ナカチョウ
36383	徳島県	牟岐町	ムギチョウ
36387	徳島県	美波町	ミナミチョウ
36388	徳島県	海陽町	カイヨウチョウ
36401	徳島県	松茂町	マツシゲチョウ
36402	徳島県	北島町	キタジマチョウ
36403	徳島県	藍住町	アイズミチョウ
36404	徳島県	板野町	イタノチョウ
36405	徳島県	上板町	カミイタチョウ
36468	徳島県	つるぎ町	ツルギチョウ
36489	徳島県	東みよし町	ヒガシミヨシチョウ
37000	香川県
37201	香川県	高松市	タカマツシ
37202	香川県	丸亀市	マルガメシ
37203	香川県	坂出市	サカイデシ
37204	香川県	善通寺市	ゼンツウジシ
37205	香川県	観音寺市	カンオンジシ
37206	香川県	さぬき市	サヌキシ
37207	香川県	東かがわ市	ヒガシカガワシ
37208	香川県	三豊市	ミトヨシ
37322	香川県	土庄町	トノショウチョウ
37324	香川県	小豆島町	ショウドシマチョウ
37341	香川県	三木町	ミキチョウ
37364	香川県	直島町	ナオシマチョウ
37386	香川県	宇多津町	ウタヅチョウ
37387	香川県	綾川町	アヤガワチョウ
37403	香川県	琴平町	コトヒラチョウ
37404	香川県	多度津町	タドツチョウ
37406	香川県	まんのう町	マンノウチョウ
38000	愛媛県
38201	愛媛県	松山市	マツヤマシ
38202	愛媛県	今治市	イマバリシ
38203	愛媛県	宇和島市	ウワジマシ
38204	愛媛県	八幡浜市	ヤワタハマシ
38205	愛媛県	新居浜市	ニイハマシ
38206	愛媛県	西条市	サイジョウシ
38207	愛媛県	大洲市	オオズシ
38210	愛媛県	伊予市	イヨシ
38213	愛媛県	四国中央市	シコクチュウオウシ
38214	愛媛県	西予市	セイヨシ
38215	愛媛県	東温市	トウオンシ
38356	愛媛県	上島町	カミジマチョウ
38386	愛媛県	久万高原町	クマコウゲンチョウ
38401	愛媛県	松前町	マサキチョウ
38402	愛媛県	砥部町	トベチョウ
38422	愛媛県	内子町	ウチコチョウ
38442	愛媛県	伊方町	イカタチョウ
38484	愛媛県	松野町	マツノチョウ
38488	愛媛県	鬼北町	キホクチョウ
38506	愛媛県	愛南町	アイナンチョウ
39000	高知県
39201	高知県	高知市	コウチシ
39202	高知県	室戸市	ムロトシ
39203	高知県	安芸市	アキシ
39204	高知県	南国市	ナンコクシ
39205	高知県	土佐市	トサシ
39206	高知県	須崎市	スサキシ
39208	高知県	宿毛市	スクモシ
39209	高知県	土佐清水市	トサシミズシ
39210	高知県	四万十市	シマントシ
39211	高知県	香南市	コウナンシ
39212	高知県	香美市	カミシ
39301	高知県	東洋町	トウヨウチョウ
39302	高知県	奈半利町	ナハリチョウ
39303	高知県	田野町	タノチョウ
39304	高知県	安田町	ヤスダチョウ
39305	高知県	北川村	キタガワムラ
39306	高知県	馬路村	ウマジムラ
39307	高知県	芸西村	ゲイセイムラ
39341	高知県	本山町	モトヤマチョウ
39344	高知県	大豊町	オオトヨチョウ
39363	高知県	土佐町	トサチョウ
39364	高知県	大川村	オオカワムラ
39386	高知県	いの町	イノチョウ
39387	高知県	仁淀川町	ニヨドガワチョウ
39401	高知県	中土佐町	ナカトサチョウ
39402	高知県	佐川町	サカワチョウ
39403	高知県	越知町	オチチョウ
39405	高知県	梼原町	ユスハラチョウ
39410	高知県	日高村	ヒダカムラ
39411	高知県	津野町	ツノチョウ
39412	高知県	四万十町	シマントチョウ
39424	高知県	大月町	オオツキチョウ
39427	高知県	三原村	ミハラムラ
39428	高知県	黒潮町	クロシオチョウ
40000	福岡県
40100	福岡県	北九州市	キタキュウシュウシ
40130	福岡県	福岡市	フクオカシ
40202	福岡県	大牟田市	オオムタシ
40203	福岡県	久留米市	クルメシ
40204	福岡県	直方市	ノオガタシ
40205	福岡県	飯塚市	イイヅカシ
40206	福岡県	田川市	タガワシ
40207	福岡県	柳川市	ヤナガワシ
40210	福岡県	八女市	ヤメシ
40211	福岡県	筑後市	チクゴシ
40212	福岡県	大川市	オオカワシ
40213	福岡県	行橋市	ユクハシシ
40214	福岡県	豊前市	ブゼンシ
40215	福岡県	中間市	ナカマシ
40216	福岡県	小郡市	オゴオリシ
40217	福岡県	筑紫野市	チクシノシ
40218	福岡県	春日市	カスガシ
40219	福岡県	大野城市	オオノジョウシ
40220	福岡県	宗像市	ムナカタシ
40221	福岡県	太宰府市	ダザイフシ
40223	福岡県	古賀市	コガシ
40224	福岡県	福津市	フクツシ
40225	福岡県	うきは市	ウキハシ
40226	福岡県	宮若市	ミヤワカシ
40227	福岡県	嘉麻市	カマシ
40228	福岡県	朝倉市	アサクラシ
40229	福岡県	みやま市	ミヤマシ
40230	福岡県	糸島市	イトシマシ
40305	福岡県	那珂川町	ナカガワマチ
40341	福岡県	宇美町	ウミマチ
40342	福岡県	篠栗町	ササグリマチ
40343	福岡県	志免町	シメマチ
40344	福岡県	須恵町	スエマチ
40345	福岡県	新宮町	シングウマチ
40348	福岡県	久山町	ヒサヤママチ
40349	福岡県	粕屋町	カスヤマチ
40381	福岡県	芦屋町	アシヤマチ
40382	福岡県	水巻町	ミズマキマチ
40383	福岡県	岡垣町	オカガキマチ
40384	福岡県	遠賀町	オンガチョウ
40401	福岡県	小竹町	コタケマチ
40402	福岡県	鞍手町	クラテマチ
40421	福岡県	桂川町	ケイセンマチ
40447	福岡県	筑前町	チクゼンマチ
40448	福岡県	東峰村	トウホウムラ
40503	福岡県	大刀洗町	タチアライマチ
40522	福岡県	大木町	オオキマチ
40544	福岡県	広川町	ヒロカワマチ
40601	福岡県	香春町	カワラマチ
40602	福岡県	添田町	ソエダマチ
40604	福岡県	糸田町	イトダマチ
40605	福岡県	川崎町	カワサキマチ
40608	福岡県	大任町	オオトウマチ
40609	福岡県	赤村	アカムラ
40610	福岡県	福智町	フクチマチ
40621	福岡県	苅田町	カンダマチ
40625	福岡県	みやこ町	ミヤコマチ
40642	福岡県	吉富町	ヨシトミマチ
40646	福岡県	上毛町	コウゲマチ
40647	福岡県	築上町	チクジョウマチ
41000	佐賀県
41201	佐賀県	佐賀市	サガシ
41202	佐賀県	唐津市	カラツシ
41203	佐賀県	鳥栖市	トスシ
41204	佐賀県	多久市	タクシ
41205	佐賀県	伊万里市	イマリシ
41206	佐賀県	武雄市	タケオシ
41207	佐賀県	鹿島市	カシマシ
41208	佐賀県	小城市	オギシ
41209	佐賀県	嬉野市	ウレシノシ
41210	佐賀県	神埼市	カンザキシ
41327	佐賀県	吉野ヶ里町	ヨシノガリチョウ
41341	佐賀県	基山町	キヤマチョウ
41345	佐賀県	上峰町	カミミネチョウ
41346	佐賀県	みやき町	ミヤキチョウ
41387	佐賀県	玄海町	ゲンカイチョウ
41401	佐賀県	有田町	アリタチョウ
41423	佐賀県	大町町	オオマチチョウ
41424	佐賀県	江北町	コウホクマチ
41425	佐賀県	白石町	シロイシチョウ
41441	佐賀県	太良町	タラチョウ
42000	長崎県
42201	長崎県	長崎市	ナガサキシ
42202	長崎県	佐世保市	サセボシ
42203	長崎県	島原市	シマバラシ
42204	長崎県	諫早市	イサハヤシ
42205	長崎県	大村市	オオムラシ
42207	長崎県	平戸市	ヒラドシ
42208	長崎県	松浦市	マツウラシ
42209	長崎県	対馬市	ツシマシ
42210	長崎県	壱岐市	イキシ
42211	長崎県	五島市	ゴトウシ
42212	長崎県	西海市	サイカイシ
42213	長崎県	雲仙市	ウンゼンシ
42214	長崎県	南島原市	ミナミシマバラシ
42307	長崎県	長与町	ナガヨチョウ
42308	長崎県	時津町	トギツチョウ
42321	長崎県	東彼杵町	ヒガシソノギチョウ
42322	長崎県	川棚町	カワタナチョウ
42323	長崎県	波佐見町	ハサミチョウ
42383	長崎県	小値賀町	オヂカチョウ
42391	長崎県	佐々町	サザチョウ
42411	長崎県	新上五島町	シンカミゴトウチョウ
43000	熊本県
43100	熊本県	熊本市	クマモトシ
43202	熊本県	八代市	ヤツシロシ
43203	熊本県	人吉市	ヒトヨシシ
43204	熊本県	荒尾市	アラオシ
43205	熊本県	水俣市	ミナマタシ
43206	熊本県	玉名市	タマナシ
43208	熊本県	山鹿市	ヤマガシ
43210	熊本県	菊池市	キクチシ
43211	熊本県	宇土市	ウトシ
43212	熊本県	上天草市	カミアマクサシ
43213	熊本県	宇城市	ウキシ
43214	熊本県	阿蘇市	アソシ
43215	熊本県	天草市	アマクサシ
43216	熊本県	合志市	コウシシ
43348	熊本県	美里町	ミサトマチ
43364	熊本県	玉東町	ギョクトウマチ
43367	熊本県	南関町	ナンカンマチ
43368	熊本県	長洲町	ナガスマチ
43369	熊本県	和水町	ナゴミマチ
43403	熊本県	大津町	オオヅマチ
43404	熊本県	菊陽町	キクヨウマチ
43423	熊本県	南小国町	ミナミオグニマチ
43424	熊本県	小国町	オグニマチ
43425	熊本県	産山村	ウブヤマムラ
43428	熊本県	高森町	タカモリマチ
43432	熊本県	西原村	ニシハラムラ
43433	熊本県	南阿蘇村	ミナミアソムラ
43441	熊本県	御船町	ミフネマチ
43442	熊本県	嘉島町	カシママチ
43443	熊本県	益城町	マシキマチ
43444	熊本県	甲佐町	コウサマチ
43447	熊本県	山都町	ヤマトチョウ
43468	熊本県	氷川町	ヒカワチョウ
43482	熊本県	芦北町	アシキタマチ
43484	熊本県	津奈木町	ツナギマチ
43501	熊本県	錦町	ニシキマチ
43505	熊本県	多良木町	タラギマチ
43506	熊本県	湯前町	ユノマエマチ
43507	熊本県	水上村	ミズカミムラ
43510	熊本県	相良村	サガラムラ
43511	熊本県	五木村	イツキムラ
43512	熊本県	山江村	ヤマエムラ
43513	熊本県	球磨村	クマムラ
43514	熊本県	あさぎり町	アサギリチョウ
43531	熊本県	苓北町	レイホクマチ
44000	大分県
44201	大分県	大分市	オオイタシ
44202	大分県	別府市	ベップシ
44203	大分県	中津市	ナカツシ
44204	大分県	日田市	ヒタシ
44205	大分県	佐伯市	サイキシ
44206	大分県	臼杵市	ウスキシ
44207	大分県	津久見市	ツクミシ
44208	大分県	竹田市	タケタシ
44209	大分県	豊後高田市	ブンゴタカダシ
44210	大分県	杵築市	キツキシ
44211	大分県	宇佐市	ウサシ
44212	大分県	豊後大野市	ブンゴオオノシ
44213	大分県	由布市	ユフシ
44214	大分県	国東市	クニサキシ
44322	大分県	姫島村	ヒメシマムラ
44341	大分県	日出町	ヒジマチ
44461	大分県	九重町	ココノエマチ
44462	大分県	玖珠町	クスマチ
45000	宮崎県
45201	宮崎県	宮崎市	ミヤザキシ
45202	宮崎県	都城市	ミヤコノジョウシ
45203	宮崎県	延岡市	ノベオカシ
45204	宮崎県	日南市	ニチナンシ
45205	宮崎県	小林市	コバヤシシ
45206	宮崎県	日向市	ヒュウガシ
45207	宮崎県	串間市	クシマシ
45208	宮崎県	西都市	サイトシ
45209	宮崎県	えびの市	エビノシ
45341	宮崎県	三股町	ミマタチョウ
45361	宮崎県	高原町	タカハルチョウ
45382	宮崎県	国富町	クニトミチョウ
45383	宮崎県	綾町	アヤチョウ
45401	宮崎県	高鍋町	タカナベチョウ
45402	宮崎県	新富町	シントミチョウ
45403	宮崎県	西米良村	ニシメラソン
45404	宮崎県	木城町	キジョウチョウ
45405	宮崎県	川南町	カワミナミチョウ
45406	宮崎県	都農町	ツノチョウ
45421	宮崎県	門川町	カドガワチョウ
45429	宮崎県	諸塚村	モロツカソン
45430	宮崎県	椎葉村	シイバソン
45431	宮崎県	美郷町	ミサトチョウ
45441	宮崎県	高千穂町	タカチホチョウ
45442	宮崎県	日之影町	ヒノカゲチョウ
45443	宮崎県	五ヶ瀬町	ゴカセチョウ
46000	鹿児島県
46201	鹿児島県	鹿児島市	カゴシマシ
46203	鹿児島県	鹿屋市	カノヤシ
46204	鹿児島県	枕崎市	マクラザキシ
46206	鹿児島県	阿久根市	アクネシ
46208	鹿児島県	出水市	イズミシ
46210	鹿児島県	指宿市	イブスキシ
46213	鹿児島県	西之表市	ニシノオモテシ
46214	鹿児島県	垂水市	タルミズシ
46215	鹿児島県	薩摩川内市	サツマセンダイシ
46216	鹿児島県	日置市	ヒオキシ
46217	鹿児島県	曽於市	ソオシ
46218	鹿児島県	霧島市	キリシマシ
46219	鹿児島県	いちき串木野市	イチキクシキノシ
46220	鹿児島県	南さつま市	ミナミサツマシ
46221	鹿児島県	志布志市	シブシシ
46222	鹿児島県	奄美市	アマミシ
46223	鹿児島県	南九州市	ミナミキュウシュウシ
46224	鹿児島県	伊佐市	イサシ
46225	鹿児島県	姶良市	アイラシ
46303	鹿児島県	三島村	ミシマムラ
46304	鹿児島県	十島村	トシマムラ
46392	鹿児島県	さつま町	サツマチョウ
46404	鹿児島県	長島町	ナガシマチョウ
46452	鹿児島県	湧水町	ユウスイチョウ
46468	鹿児島県	大崎町	オオサキチョウ
46482	鹿児島県	東串良町	ヒガシクシラチョウ
46490	鹿児島県	錦江町	キンコウチョウ
46491	鹿児島県	南大隅町	ミナミオオスミチョウ
46492	鹿児島県	肝付町	キモツキチョウ
46501	鹿児島県	中種子町	ナカタネチョウ
46502	鹿児島県	南種子町	ミナミタネチョウ
46505	鹿児島県	屋久島町	ヤクシマチョウ
46523	鹿児島県	大和村	ヤマトソン
46524	鹿児島県	宇検村	ウケンソン
46525	鹿児島県	瀬戸内町	セトウチチョウ
46527	鹿児島県	龍郷町	タツゴウチョウ
46529	鹿児島県	喜界町	キカイチョウ
46530	鹿児島県	徳之島町	トクノシマチョウ
46531	鹿児島県	天城町	アマギチョウ
46532	鹿児島県	伊仙町	イセンチョウ
46533	鹿児島県	和泊町	ワドマリチョウ
46534	鹿児島県	知名町	チナチョウ
46535	鹿児島県	与論町	ヨロンチョウ
47000	沖縄県
47201	沖縄県	那覇市	ナハシ
47205	沖縄県	宜野湾市	ギノワンシ
47207	沖縄県	石垣市	イシガキシ
47208	沖縄県	浦添市	ウラソエシ
47209	沖縄県	名護市	ナゴシ
47210	沖縄県	糸満市	イトマンシ
47211	沖縄県	沖縄市	オキナワシ
47212	沖縄県	豊見城市	トミグスクシ
47213	沖縄県	うるま市	ウルマシ
47214	沖縄県	宮古島市	ミヤコジマシ
47215	沖縄県	南城市	ナンジョウシ
47301	沖縄県	国頭村	クニガミソン
47302	沖縄県	大宜味村	オオギミソン
47303	沖縄県	東村	ヒガシソン
47306	沖縄県	今帰仁村	ナキジンソン
47308	沖縄県	本部町	モトブチョウ
47311	沖縄県	恩納村	オンナソン
47313	沖縄県	宜野座村	ギノザソン
47314	沖縄県	金武町	キンチョウ
47315	沖縄県	伊江村	イエソン
47324	沖縄県	読谷村	ヨミタンソン
47325	沖縄県	嘉手納町	カデナチョウ
47326	沖縄県	北谷町	チヤタンチョウ
47327	沖縄県	北中城村	キタナカグスクソン
47328	沖縄県	中城村	ナカグスクソン
47329	沖縄県	西原町	ニシハラチョウ
47348	沖縄県	与那原町	ヨナバルチョウ
47350	沖縄県	南風原町	ハエバルチョウ
47353	沖縄県	渡嘉敷村	トカシキソン
47354	沖縄県	座間味村	ザマミソン
47355	沖縄県	粟国村	アグニソン
47356	沖縄県	渡名喜村	トナキソン
47357	沖縄県	南大東村	ミナミダイトウソン
47358	沖縄県	北大東村	キタダイトウソン
47359	沖縄県	伊平屋村	イヘヤソン
47360	沖縄県	伊是名村	イゼナソン
47361	沖縄県	久米島町	クメジマチョウ
47362	沖縄県	八重瀬町	ヤエセチョウ
47375	沖縄県	多良間村	タラマソン
47381	沖縄県	竹富町	タケトミチョウ
47382	沖縄県	与那国町	ヨナグニチョウ
